ASIN,bestSellersRank,categorySellersRank,listedDate,title
B07HKLVSQB,"
, 













#448 in Sports & Outdoors (,)
 





,

,

",,,"
                
                    
                    
                

                
                    
                    
                        Lintelek Fitness Tracker with Heart Rate Monitor, Activity Tracker with Connected GPS, IP67 Waterproof Smart Band with Step Counter, Calorie Counter, Pedometer
                    
                

                
                    
                    
                
            "
B07CH7PPS4,"
, 













#40,193 in Sports & Outdoors (,)
 





,

,

",,,"
                
                    
                    
                

                
                    
                    
                        Lintelek Fitness Tracker with Heart Rate Monitor, Activity Tracker,Sleep Monitor,IP67 Waterproof Pedometer with Steps Monitor,14 Sports Modes Watch for Kids Women and Men
                    
                

                
                    
                    
                
            "
B07CNCSFCJ,"
, 













#352 in Sports & Outdoors (,)
 





,

,

",,,"
                
                    
                    
                

                
                    
                    
                        Lintelek Fitness Tracker, Slim Activity Tracker with Heart Rate Monitor, IP67 Waterproof Step Counter, Calorie Counter, Pedometer for Kids Women and Men
                    
                

                
                    
                    
                
            "
